-- Database/create_database.sql
DROP DATABASE IF EXISTS jamin;
CREATE DATABASE jamin CHARACTER SET utf8mb4 COLLATE utf8mb4_unicode_ci;
USE jamin;

SET FOREIGN_KEY_CHECKS = 0;

-- =========================
-- Contact
-- =========================
DROP TABLE IF EXISTS Contact;
CREATE TABLE Contact (
  Id INT AUTO_INCREMENT PRIMARY KEY,
  Straat VARCHAR(100) NOT NULL,
  Huisnummer INT NOT NULL,
  Postcode VARCHAR(10) NOT NULL,
  Stad VARCHAR(100) NOT NULL,

  IsActief BIT NOT NULL DEFAULT b'1',
  Opmerking VARCHAR(250) NULL,
  DatumAangemaakt DATETIME(6) NOT NULL DEFAULT CURRENT_TIMESTAMP(6),
  DatumGewijzigd DATETIME(6) NOT NULL DEFAULT CURRENT_TIMESTAMP(6) ON UPDATE CURRENT_TIMESTAMP(6)
);

-- =========================
-- Leverancier
-- =========================
DROP TABLE IF EXISTS Leverancier;
CREATE TABLE Leverancier (
  Id INT AUTO_INCREMENT PRIMARY KEY,
  Naam VARCHAR(100) NOT NULL,
  ContactPersoon VARCHAR(100) NOT NULL,
  LeverancierNummer VARCHAR(20) NOT NULL,
  Mobiel VARCHAR(20) NOT NULL,
  ContactId INT NOT NULL,

  IsActief BIT NOT NULL DEFAULT b'1',
  Opmerking VARCHAR(250) NULL,
  DatumAangemaakt DATETIME(6) NOT NULL DEFAULT CURRENT_TIMESTAMP(6),
  DatumGewijzigd DATETIME(6) NOT NULL DEFAULT CURRENT_TIMESTAMP(6) ON UPDATE CURRENT_TIMESTAMP(6),

  CONSTRAINT FK_Leverancier_Contact
    FOREIGN KEY (ContactId) REFERENCES Contact(Id)
);

-- =========================
-- Product
-- =========================
DROP TABLE IF EXISTS Product;
CREATE TABLE Product (
  Id INT AUTO_INCREMENT PRIMARY KEY,
  Naam VARCHAR(100) NOT NULL,
  Barcode VARCHAR(30) NOT NULL,

  IsActief BIT NOT NULL DEFAULT b'1',
  Opmerking VARCHAR(250) NULL,
  DatumAangemaakt DATETIME(6) NOT NULL DEFAULT CURRENT_TIMESTAMP(6),
  DatumGewijzigd DATETIME(6) NOT NULL DEFAULT CURRENT_TIMESTAMP(6) ON UPDATE CURRENT_TIMESTAMP(6)
);

-- =========================
-- Magazijn
-- =========================
DROP TABLE IF EXISTS Magazijn;
CREATE TABLE Magazijn (
  Id INT AUTO_INCREMENT PRIMARY KEY,
  ProductId INT NOT NULL,
  VerpakkingsEenheid DECIMAL(5,2) NOT NULL,
  AantalAanwezig INT NULL,

  IsActief BIT NOT NULL DEFAULT b'1',
  Opmerking VARCHAR(250) NULL,
  DatumAangemaakt DATETIME(6) NOT NULL DEFAULT CURRENT_TIMESTAMP(6),
  DatumGewijzigd DATETIME(6) NOT NULL DEFAULT CURRENT_TIMESTAMP(6) ON UPDATE CURRENT_TIMESTAMP(6),

  CONSTRAINT FK_Magazijn_Product
    FOREIGN KEY (ProductId) REFERENCES Product(Id)
);

-- =========================
-- Allergeen
-- =========================
DROP TABLE IF EXISTS Allergeen;
CREATE TABLE Allergeen (
  Id INT AUTO_INCREMENT PRIMARY KEY,
  Naam VARCHAR(100) NOT NULL,
  Omschrijving VARCHAR(250) NOT NULL,

  IsActief BIT NOT NULL DEFAULT b'1',
  Opmerking VARCHAR(250) NULL,
  DatumAangemaakt DATETIME(6) NOT NULL DEFAULT CURRENT_TIMESTAMP(6),
  DatumGewijzigd DATETIME(6) NOT NULL DEFAULT CURRENT_TIMESTAMP(6) ON UPDATE CURRENT_TIMESTAMP(6)
);

-- =========================
-- ProductPerAllergeen
-- =========================
DROP TABLE IF EXISTS ProductPerAllergeen;
CREATE TABLE ProductPerAllergeen (
  Id INT AUTO_INCREMENT PRIMARY KEY,
  ProductId INT NOT NULL,
  AllergeenId INT NOT NULL,

  IsActief BIT NOT NULL DEFAULT b'1',
  Opmerking VARCHAR(250) NULL,
  DatumAangemaakt DATETIME(6) NOT NULL DEFAULT CURRENT_TIMESTAMP(6),
  DatumGewijzigd DATETIME(6) NOT NULL DEFAULT CURRENT_TIMESTAMP(6) ON UPDATE CURRENT_TIMESTAMP(6),

  CONSTRAINT FK_PPA_Product FOREIGN KEY (ProductId) REFERENCES Product(Id),
  CONSTRAINT FK_PPA_Allergeen FOREIGN KEY (AllergeenId) REFERENCES Allergeen(Id)
);

-- =========================
-- ProductPerLeverancier
-- =========================
DROP TABLE IF EXISTS ProductPerLeverancier;
CREATE TABLE ProductPerLeverancier (
  Id INT AUTO_INCREMENT PRIMARY KEY,
  LeverancierId INT NOT NULL,
  ProductId INT NOT NULL,
  DatumLevering DATE NOT NULL,
  Aantal INT NOT NULL,
  DatumEerstVolgendeLevering DATE NULL,

  IsActief BIT NOT NULL DEFAULT b'1',
  Opmerking VARCHAR(250) NULL,
  DatumAangemaakt DATETIME(6) NOT NULL DEFAULT CURRENT_TIMESTAMP(6),
  DatumGewijzigd DATETIME(6) NOT NULL DEFAULT CURRENT_TIMESTAMP(6) ON UPDATE CURRENT_TIMESTAMP(6),

  CONSTRAINT FK_PPL_Leverancier FOREIGN KEY (LeverancierId) REFERENCES Leverancier(Id),
  CONSTRAINT FK_PPL_Product FOREIGN KEY (ProductId) REFERENCES Product(Id)
);

SET FOREIGN_KEY_CHECKS = 1;

-- =========================
-- TESTDATA (uit PDF)
-- =========================
INSERT INTO Contact (Id, Straat, Huisnummer, Postcode, Stad) VALUES
(1,'Van Gilslaan',34,'1045CB','Hilvarenbeek'),
(2,'Den Dolderpad',2,'1067RC','Utrecht'),
(3,'Fredo Raalteweg',257,'1236OP','Nijmegen'),
(4,'Bertrand Russellhof',21,'2034AP','Den Haag'),
(5,'Leon van Bonstraat',213,'145XC','Lunteren'),
(6,'Bea van Lingenlaan',234,'2197FG','Sint Pancras');

INSERT INTO Leverancier (Id, Naam, ContactPersoon, LeverancierNummer, Mobiel, ContactId) VALUES
(1,'Venco','Bert van Linge','L1029384719','06-28493827',1),
(2,'Astra Sweets','Jasper del Monte','L1029284315','06-39398734',2),
(3,'Haribo','Sven Stalman','L1029324748','06-24383291',3),
(4,'Basset','Joyce Stelterberg','L1023845773','06-48293823',4),
(5,'De Bron','Remco Veenstra','L1023857736','06-34291234',5),
(6,'Quality Street','Johan Nooij','L1029234586','06-23458456',6);

INSERT INTO Product (Id, Naam, Barcode) VALUES
(1,'Mintnopjes','8719587231278'),
(2,'Schoolkrijt','8719587326713'),
(3,'Honingdrop','8719587327836'),
(4,'Zure Beren','8719587321441'),
(5,'Cola Flesjes','8719587321237'),
(6,'Turtles','8719587322245'),
(7,'Witte Muizen','8719587328256'),
(8,'Reuzen Slangen','8719587325641'),
(9,'Zoute Rijen','8719587322739'),
(10,'Winegums','8719587327527'),
(11,'Drop Munten','8719587322345'),
(12,'Kruis Drop','8719587322265'),
(13,'Zoute Ruitjes','8719587323256');

INSERT INTO Magazijn (Id, ProductId, VerpakkingsEenheid, AantalAanwezig) VALUES
(1,1,5,453),
(2,2,2.5,400),
(3,3,5,1),
(4,4,1,800),
(5,5,3,234),
(6,6,2,345),
(7,7,1,795),
(8,8,10,233),
(9,9,2.5,123),
(10,10,3,NULL),
(11,11,2,367),
(12,12,1,467),
(13,13,5,20);

INSERT INTO Allergeen (Id, Naam, Omschrijving) VALUES
(1,'Gluten','Dit product bevat gluten'),
(2,'Gelatine','Dit product bevat gelatine'),
(3,'AZO-Kleurstof','Dit product bevat AZO-kleurstoffen'),
(4,'Lactose','Dit product bevat lactose'),
(5,'Soja','Dit product bevat soja');

INSERT INTO ProductPerAllergeen (Id, ProductId, AllergeenId) VALUES
(1,1,2),
(2,1,1),
(3,1,3),
(4,3,4),
(5,6,5),
(6,9,2),
(7,9,5),
(8,10,2),
(9,12,4),
(10,13,1),
(11,13,4),
(12,13,5);

INSERT INTO ProductPerLeverancier (Id, LeverancierId, ProductId, DatumLevering, Aantal, DatumEerstVolgendeLevering) VALUES
(1,1,1,'2023-04-09',23,'2023-04-16'),
(2,1,1,'2023-04-18',21,'2023-04-25'),
(3,1,2,'2023-04-09',12,'2023-04-16'),
(4,1,3,'2023-04-10',11,'2023-04-17'),
(5,2,4,'2023-04-14',16,'2023-04-21'),
(6,2,4,'2023-04-21',23,'2023-04-28'),
(7,2,5,'2023-04-14',45,'2023-04-21'),
(8,2,6,'2023-04-14',30,'2023-04-21'),
(9,3,7,'2023-04-12',12,'2023-04-19'),
(10,3,7,'2023-04-19',23,'2023-04-26'),
(11,3,8,'2023-04-10',12,'2023-04-17'),
(12,3,9,'2023-04-11',1,'2023-04-18'),
(13,4,10,'2023-04-16',24,'2023-04-30'),
(14,5,11,'2023-04-10',47,'2023-04-17'),
(15,5,11,'2023-04-19',60,'2023-04-26'),
(16,5,12,'2023-04-11',45,NULL);
